run_start_timestamp,download_py_version,total_tickers_processed,tickers_with_new_data_downloaded,param_load_duration_s,user_agent_setup_duration_s,initial_db_load_duration_s,findata_processing_duration_s,new_data_download_loop_duration_s,final_db_save_duration_s,overall_script_duration_s
2026-03-07 06:38:48,2.5.1,182,158,0.0015799999237060547,0.0,0.0,0.0,243.34914708137512,0.0,244.2789328098297
2026-03-07 07:43:11,2.5.1,158,0,0.0020139217376708984,0.0,0.0,0.0,121.7034080028534,0.0,121.71243095397949
20260328-185359,2026-03-28 18:54:01,2.5.1,159,157,0.0009970664978027344,0.0,0.0,0.0,177.9727759361267,0.0,179.02980494499207
20260329-101714,2026-03-29 10:17:15,2.5.1,158,0,0.0010211467742919922,0.0,0.0,0.0,120.39204978942871,0.0,120.40309000015259
20260330-200710,2026-03-30 20:07:12,2.5.1,158,157,0.003557920455932617,0.0,0.0,0.0,125.90332198143005,0.0,129.059476852417
20260331-210616,2026-03-31 21:06:17,2.5.1,157,157,0.0022258758544921875,0.0,0.0,0.0,137.7844681739807,0.0,140.91416883468628
20260402-134924,2026-04-02 13:49:26,2.5.1,157,157,0.0014789104461669922,0.0,0.0,0.0,122.59214210510254,0.0,123.66273999214172
20260403-090929,2026-04-03 09:09:30,2.5.1,157,157,0.0020508766174316406,0.0,0.0,0.0,115.62347602844238,0.0,116.69878005981445
20260404-072616,2026-04-04 07:26:18,2.5.1,157,0,0.0012860298156738281,0.0,0.0,0.0,86.6412627696991,0.0,86.64910387992859
20260406-211427,2026-04-06 21:14:29,2.5.1,157,157,0.0032796859741210938,0.0,0.0,0.0,166.69103407859802,0.0,169.86560201644897
20260406-222822,2026-04-06 22:28:23,2.5.1,157,0,0.0023941993713378906,0.0,0.0,0.0,120.64712691307068,0.0,120.66487121582031
20260407-211712,2026-04-07 21:17:12,2.5.1,157,156,0.0021140575408935547,0.0,0.0,0.0,164.30526518821716,0.0,166.2850821018219
20260408-220322,2026-04-08 22:03:23,2.5.1,157,157,0.0029010772705078125,0.0,0.0,0.0,139.61377787590027,0.0,142.7541937828064
20260409-200414,2026-04-09 20:04:15,2.5.1,157,156,0.0021598339080810547,0.0,0.0,0.0,124.31162810325623,0.0,126.2893648147583
20260410-223139,2026-04-10 22:31:43,2.5.1,157,156,0.0025787353515625,0.0,0.0,0.0,120.37796878814697,0.0,122.51437997817993
20260413-204255,2026-04-13 20:42:59,2.5.1,156,156,0.004042863845825195,0.0,0.0,0.0,140.68067502975464,0.0,143.9273018836975
20260413-222502,2026-04-13 22:25:04,2.5.1,156,0,0.002342700958251953,0.0,0.0,0.0,99.54501700401306,0.0,99.5616807937622
20260415-224919,2026-04-15 22:49:21,2.5.1,156,156,0.0024237632751464844,0.0,0.0,0.0,117.85351014137268,0.0,121.02426385879517
20260417-140838,2026-04-17 14:08:39,2.5.1,156,156,0.001924276351928711,0.0,0.0,0.0,175.85280776023865,0.0,177.79929423332214
20260420-060251,2026-04-20 06:02:52,2.5.1,156,156,0.0025680065155029297,0.0,0.0,0.0,163.3064088821411,0.0,166.43368697166443
20260420-145138,2026-04-20 14:51:39,2.5.1,156,0,0.0021479129791259766,0.0,0.0,0.0,142.958349943161,0.0,142.97153115272522
20260420-224310,2026-04-20 22:43:11,2.5.1,156,0,0.0025358200073242188,0.0,0.0,0.0,101.84154605865479,0.0,101.85827469825745
20260422-214016,2026-04-22 21:40:18,2.5.1,156,155,0.0019180774688720703,0.0,0.0,0.0,177.46737480163574,0.0,179.6426522731781
20260423-212727,2026-04-23 21:27:28,2.5.1,156,156,0.0027239322662353516,0.0,0.0,0.0,178.46729683876038,0.0,181.855299949646
20260427-221450,2026-04-27 22:14:52,2.5.1,156,156,0.002526998519897461,0.0,0.0,0.0,133.1891348361969,0.0,136.3558588027954
