param_load_duration_s,user_agent_setup_duration_s,initial_db_load_duration_s,findata_processing_duration_s,new_data_download_loop_duration_s,final_db_save_duration_s,overall_script_duration_s,total_tickers_processed,tickers_with_new_data_downloaded,run_start_timestamp,download_py_version
0.0007450580596923828,0.0,0.0,0.0,171.3243818283081,0.0,171.33673620224,184,159,2025-07-23 18:03:37,2.0.0
0.0011320114135742188,0.0,0.0,0.0,115.81848788261414,0.0,424.12439012527466,184,0,2025-07-23 18:17:09,2.0.0
0.0006940364837646484,0.0,0.0,0.0,113.08992528915405,0.0,413.7782578468323,184,0,2025-07-23 18:32:30,2.0.0
2025-07-23 23:02:48,2.0.0,184,0,0.0010149478912353516,0.0,0.0,0.0,110.25141024589539,0.0,420.66386699676514
2025-07-23 23:22:29,2.0.0,184,0,0.0005850791931152344,0.0,0.0,0.0,108.37189388275146,0.0,108.37900424003601
2025-07-23 23:41:03,2.0.0,184,0,0.0006692409515380859,0.0,0.0,0.0,109.38436508178711,0.0,109.39450216293335
2025-07-23 23:44:09,2.0.0,184,94,0.0005161762237548828,0.0,0.0,0.0,186.0630910396576,0.0,186.07445096969604
2025-07-23 23:56:41,2.0.0,184,0,0.0008828639984130859,0.0,0.0,0.0,112.50340008735657,0.0,112.51760172843933
2025-07-24 09:09:23,2.0.0,184,158,0.00047206878662109375,0.0,0.0,0.0,200.20150470733643,0.0,216.35915112495422
2025-07-24 09:09:23,2.0.0,184,151,0.00048089027404785156,0.0,0.0,0.0,200.11857318878174,0.0,216.40909910202026
2025-07-24 09:47:03,2.0.0,184,0,0.0009739398956298828,0.0,0.0,0.0,157.78864312171936,0.0,161.13087797164917
2025-07-24 09:53:01,2.0.0,184,0,0.0008170604705810547,0.0,0.0,0.0,118.4845039844513,0.0,121.63021731376648
2025-07-25 15:18:02,2.0.0,184,162,0.0006399154663085938,0.0,0.0,0.0,159.48202800750732,0.0,166.34760904312134
2025-07-25 15:27:21,2.0.0,184,0,0.0005691051483154297,0.0,0.0,0.0,120.55032920837402,0.0,123.74085092544556
2025-07-26 08:40:34,2.0.0,184,161,0.0008788108825683594,0.0,0.0,0.0,153.57093119621277,0.0,164.12945890426636
2025-07-26 09:15:46,2.0.0,184,0,0.001499176025390625,0.0,0.0,0.0,121.60217189788818,0.0,124.71036195755005
2025-07-26 09:30:16,2.0.0,184,0,0.0009641647338867188,0.0,0.0,0.0,113.39473104476929,0.0,116.53867387771606
2025-07-26 09:34:48,2.0.0,184,0,0.0011823177337646484,0.0,0.0,0.0,112.82829093933105,0.0,115.84573101997375
2025-08-04 23:13:24,2.0.0,184,161,0.0015170574188232422,0.0,0.0,0.0,156.423522233963,0.0,163.47740292549133
2025-08-05 06:33:37,2.0.0,184,161,0.0011320114135742188,0.0,0.0,0.0,145.2189953327179,0.0,149.8392939567566
2025-08-05 17:54:45,2.0.0,184,0,0.0012621879577636719,0.0,0.0,0.0,122.13959002494812,0.0,125.6008939743042
2025-08-06 18:03:38,2.0.0,184,161,0.001293182373046875,0.0,0.0,0.0,182.30461835861206,0.0,188.66513109207153
2025-08-06 20:48:53,2.0.0,184,0,0.0012578964233398438,0.0,0.0,0.0,114.27005076408386,0.0,116.1068708896637
2025-08-06 21:38:52,2.0.0,184,0,0.0009660720825195312,0.0,0.0,0.0,119.17580199241638,0.0,121.0246229171753
2025-08-07 10:32:52,2.0.0,184,107,0.0009059906005859375,0.0,0.0,0.0,575.9286799430847,0.0,579.872474193573
2025-08-09 09:04:00,2.0.0,184,161,0.002622842788696289,0.0,0.0,0.0,149.16108393669128,0.0,159.61634302139282
2025-08-11 08:32:50,2.0.0,183,1,0.0012018680572509766,0.0,0.0,0.0,110.64712882041931,0.0,116.44571185112
