run_id,run_timestamp,scoring_version,Stock,Name,Sector,Industry,CompositeScore,SharpeRatio,PotentialUpside_pct,Momentum,SharpeRatio_norm,PotentialUpside_pct_norm,Momentum_norm,sharpe_weight_used,upside_weight_used,momentum_weight_used,AnnualizedMeanReturn,AnnualizedStdDev,CurrentPrice,TargetPrice,forwardPE,forwardEps,SectorMedianPE
20250812-050603,2025-08-12 05:06:03,3.0.0,MOVI3.SA,Movida Participações S.A.,Industrials,Rental and Leasing Services,0.7220007796746712,-0.04163186396216895,0.22315650258818231,1.1242938028140936,0.7899733218864491,0.07789921759299652,0.7562819351759924,0.6188139987986456,0.08126660041268753,0.2999194007886669,0.12802827650900603,0.5277621850167402,7.519999980926514,9.198136876133272,7.372549,1.02,9.01778125
20250812-050603,2025-08-12 05:06:03,3.0.0,VULC3.SA,Vulcabras S.A.,Consumer Cyclical,Footwear and Accessories,0.7005808723591015,0.39414333065939633,0.26620107424897554,0.1960351515831169,0.9251928364829302,0.08079081310915835,0.4050854946689089,0.6188139987986456,0.08126660041268753,0.2999194007886669,0.39780711407192715,0.6287233470558776,19.61000061035156,24.83020383885021,8.833334,2.22,11.184777
20250812-050603,2025-08-12 05:06:03,3.0.0,LAVV3.SA,Lavvi Empreendimentos Imobiliários S.A.,Real Estate,Real Estate Services,0.6944608921494816,0.19509521196327007,0.2473260448957062,0.4798379882811281,0.8634289033274266,0.07952284950446882,0.5124591732465124,0.6188139987986456,0.08126660041268753,0.2999194007886669,0.22307380926576498,0.37455460095823545,12.4399995803833,15.516735475103747,6.282828,1.98,7.836735
20250812-050603,2025-08-12 05:06:03,3.0.0,ANIM3.SA,Ânima Holding S.A.,Consumer Defensive,Education and Training Services,0.6914788659162994,-0.13894875909059115,0.041657436330709174,1.0287216589628532,0.75977623062537,0.06570669561105054,0.7201232668051928,0.6188139987986456,0.08126660041268753,0.2999194007886669,0.06961530846347995,0.5785203989055506,3.6700000762939458,3.8228828708058584,7.489796,0.49,7.8018017
20250812-050603,2025-08-12 05:06:03,3.0.0,PLPL3.SA,Plano & Plano Desenvolvimento Imobiliário S.A.,Real Estate,Real Estate - Development,0.6882549727736902,0.22052952190055256,0.3686854542868139,0.37626776544911356,0.871321080501032,0.08767538327352965,0.47327451975268975,0.6188139987986456,0.08126660041268753,0.2999194007886669,0.26674440804994254,0.529382220773998,13.56999969482422,18.573061196982415,5.7257385,2.37,7.836735
20250812-050603,2025-08-12 05:06:03,3.0.0,PNVL3.SA,Dimed S.A. Distribuidora de Medicamentos,Healthcare,Drug Manufacturers - General,0.6865393520331137,-0.1136567693154411,13.94963829609857,0.2732628806244506,0.7676242463517928,1.0,0.43430375566954155,0.6188139987986456,0.08126660041268753,0.2999194007886669,0.10897251616132268,0.36097703714250684,10.210000038146973,152.63580757344985,0.635741,16.06,9.504098
20250812-050603,2025-08-12 05:06:03,3.0.0,ELET6.SA,Centrais Elétricas Brasileiras S.A. - Eletrobrás,Utilities,Utilities - Renewable,0.6591075039634348,0.18058160969683268,0.02963724623378794,0.203308495795671,0.8589253834443861,0.06489921800245516,0.4078372843717513,0.6188139987986456,0.08126660041268753,0.2999194007886669,0.23290125174290546,0.45907914921172355,47.599998474121094,49.01073134962655,9.171483,5.19,9.4433005
20250812-050603,2025-08-12 05:06:03,3.0.0,NEOE3.SA,Neoenergia S.A.,Utilities,Utilities - Regulated Electric,0.6590357883503943,0.03419519996198154,0.14080137205902354,0.4450431285862344,0.8135021938912087,0.07236686549880797,0.4992949211745439,0.6188139987986456,0.08126660041268753,0.2999194007886669,0.16018477083286523,0.29784211948427647,26.81999969482422,30.59629245047806,8.277778,3.24,9.4433005
20250812-050603,2025-08-12 05:06:03,3.0.0,ENGI11.SA,Energisa S.A.,Utilities,Utilities - Regulated Electric,0.6516023993288372,0.12467420862774765,0.024138056314413348,0.2320384440980101,0.8415775129638795,0.0645298001571878,0.4187069439934028,0.6188139987986456,0.08126660041268753,0.2999194007886669,0.18948950665478703,0.31674158664760277,48.040000915527344,49.199593162970814,9.22073,5.21,9.4433005
20250812-050603,2025-08-12 05:06:03,3.0.0,JHSF3.SA,JHSF Participações S.A.,Real Estate,Real Estate - Development,0.6510868061077191,0.017114538587219143,0.37692175105670955,0.3925341218403733,0.8082021245697137,0.08822867113052792,0.47942871659971553,0.6188139987986456,0.08126660041268753,0.2999194007886669,0.1586395674652461,0.5048086701968111,5.349999904632568,7.366531236839905,5.691489,0.94,7.836735
20250812-050603,2025-08-12 05:06:03,3.0.0,SAPR11.SA,Companhia de Saneamento do Paraná - SANEPAR,Utilities,Utilities - Regulated Water,0.6448455469655717,0.09193610583163157,0.04641216046706842,0.22681933723192493,0.8314189944810988,0.06602610264573143,0.41673235237331446,0.6188139987986456,0.08126660041268753,0.2999194007886669,0.1777350728118227,0.3016776984508751,33.209999084472656,34.751346891092396,9.024456,3.68,9.4433005
20250812-050603,2025-08-12 05:06:03,3.0.0,VBBR3.SA,Vibra Energia S.A.,Consumer Cyclical,Specialty Retail,0.6406060557597801,-0.030075016147996184,0.35889817828686477,0.3808905085772094,0.7935593712325,0.08701790563337766,0.4750234837185121,0.6188139987986456,0.08126660041268753,0.2999194007886669,0.13806938916452524,0.39669507662989756,21.399999618530273,29.08042049696039,8.230769,2.6,11.184777
20250812-050603,2025-08-12 05:06:03,3.0.0,RANI3.SA,Irani Papel e Embalagem S.A.,Consumer Cyclical,Packaging and Containers,0.6351789280860906,0.10809006620495255,0.2347763448125113,0.10523115100070335,0.8364315117318527,0.07867980112253323,0.3707308008063126,0.6188139987986456,0.08126660041268753,0.2999194007886669,0.2044397737976538,0.5036519608973968,7.789999961853027,9.618907678986483,9.05814,0.86,11.184777
20250812-050603,2025-08-12 05:06:03,3.0.0,BPAN4.SA,Banco Pan S.A.,Financial Services,Banks - Regional,0.6347715720028553,0.11578868248370107,0.08980855582713576,0.0955881765144524,0.8388203653635538,0.06894133254346681,0.36708248757919537,0.6188139987986456,0.08126660041268753,0.2999194007886669,0.21367217071663727,0.5498997773430927,7.449999809265137,8.119073533047676,7.1634617,1.04,7.806801849999999
20250812-050603,2025-08-12 05:06:03,3.0.0,CYRE3.SA,Cyrela Brazil Realty S.A. Empreendimentos e Participações,Consumer Cyclical,Residential Construction,0.6347206956866798,0.033180876643348005,0.6659125599651112,0.20721161208562155,0.8131874529227406,0.10764214174969676,0.40931398544649816,0.6188139987986456,0.08126660041268753,0.2999194007886669,0.16492668990110818,0.44985821386068275,25.11000061035156,41.83106539751627,6.713904,3.74,11.184777
20250812-050603,2025-08-12 05:06:03,3.0.0,SIMH3.SA,SIMPAR S.A.,Industrials,Rental and Leasing Services,0.6313951013032552,-0.1582301476224293,1.9261780034207714,0.4411764582135689,0.7537932833851412,0.1923027101992457,0.49783200901133,0.6188139987986456,0.08126660041268753,0.2999194007886669,0.06837331454532927,0.5158731549024989,4.900000095367432,14.33827249582386,3.081761,1.59,9.01778125
20250812-050603,2025-08-12 05:06:03,3.0.0,POSI3.SA,Positivo Tecnologia S.A.,Technology,Computer Hardware,0.6298244166444437,0.16454058019599427,4.220287802447737,-0.22923008766172526,0.8539479082473068,0.34641360856582193,0.24419107359766487,0.6188139987986456,0.08126660041268753,0.2999194007886669,0.24921528246262728,0.6029836672779806,4.079999923706055,21.298773835710413,2.0298507,2.01,10.596404849999999
20250812-050603,2025-08-12 05:06:03,3.0.0,LREN3.SA,Lojas Renner S.A.,Consumer Cyclical,Department Stores,0.6293925027098283,-0.034413624572390694,0.049617442709311455,0.30428924514362055,0.7922131162542186,0.06624142317052933,0.44604223908314394,0.6188139987986456,0.08126660041268753,0.2999194007886669,0.13596099897642544,0.4079489213361658,16.729999542236328,17.560099336050047,10.656051,1.57,11.184777
20250812-050603,2025-08-12 05:06:03,3.0.0,CSMG3.SA,Companhia de Saneamento de Minas Gerais,Utilities,Utilities - Regulated Water,0.624844470177252,0.041784394946339135,0.3565374881276222,0.12049984997309005,0.8158570944790083,0.08685932208111687,0.3765075449531787,0.6188139987986456,0.08126660041268753,0.2999194007886669,0.16812594938828943,0.43379710084512074,25.200000762939453,34.18474573577205,6.9613266,3.62,9.4433005
20250812-050603,2025-08-12 05:06:03,3.0.0,YDUQ3.SA,Yduqs Participações S.A.,Consumer Defensive,Education and Training Services,0.6230755988484783,-0.09818041657295698,0.024886066870195345,0.3577155122492688,0.7724265043311161,0.06458004909417772,0.4662554790160035,0.6188139987986456,0.08126660041268753,0.2999194007886669,0.09528777289611892,0.5572621202235877,13.550000190734863,13.887206401572652,7.61236,1.78,7.8018017
20250812-050603,2025-08-12 05:06:03,3.0.0,SBFG3.SA,Grupo SBF S.A.,Consumer Cyclical,Specialty Retail,0.6172861001035826,0.029700199127970825,0.8384526287964065,0.05115275691881993,0.8121074108967026,0.11923282717508485,0.35027083581195345,0.6188139987986456,0.08126660041268753,0.2999194007886669,0.16740407374535785,0.5859918201345383,10.890000343322754,20.020749758775487,6.0837994,1.79,11.184777
20250812-050603,2025-08-12 05:06:03,3.0.0,VALE3.SA,Vale S.A.,Basic Materials,Other Industrial Metals and Mining,0.6115046693150664,0.00616510781844342,0.4297552817362513,0.05969105520887297,0.8048045546025948,0.09177785734661736,0.35350120696279363,0.6188139987986456,0.08126660041268753,0.2999194007886669,0.15278118768792406,0.4511174451165186,55.38999938964844,79.1941441827176,4.6390285,11.94,6.6326754999999995
20250812-050603,2025-08-12 05:06:03,3.0.0,MILS3.SA,"Mills Locação, Serviços e Logística S.A.",Industrials,Rental and Leasing Services,0.6114961431755478,-0.11126331916342747,0.15632483740085834,0.27148318676270744,0.7683669255399628,0.07340968184116756,0.43363042809149244,0.6188139987986456,0.08126660041268753,0.2999194007886669,0.08840154501512355,0.5536276955246902,11.619999885559082,13.436494478267099,7.7986574,1.49,9.01778125
20250812-050603,2025-08-12 05:06:03,3.0.0,EVEN3.SA,Even Construtora e Incorporadora S.A.,Real Estate,Real Estate - Development,0.6101363199530585,-0.06610272891332657,0.6415542820994464,0.1597336979616759,0.7823800983131682,0.10600583119205369,0.3913512393725252,0.6188139987986456,0.08126660041268753,0.2999194007886669,0.11819563862637057,0.48113537665488937,6.96999979019165,11.441633001821346,4.7739725,1.46,7.836735
20250812-050603,2025-08-12 05:06:03,3.0.0,BBDC4.SA,Banco Bradesco S.A.,Financial Services,Banks - Regional,0.6092113188055389,-0.15415724211107357,0.144606222593338,0.3244962999392651,0.7550570916813457,0.07262246308800899,0.45368735578413133,0.6188139987986456,0.08126660041268753,0.2999194007886669,0.09157937641769874,0.37896775255104753,15.960000038146973,18.267915356252935,6.8205132,2.34,7.806801849999999
20250812-050603,2025-08-12 05:06:03,3.0.0,CMIG3.SA,Companhia Energética de Minas Gerais - CEMIG,Utilities,Utilities - Diversified,0.6085095330940786,-0.0025202820102792874,0.8135717026520746,0.0295270546404236,0.8021095085990219,0.11756140679149127,0.342088989455265,0.6188139987986456,0.08126660041268753,0.2999194007886669,0.14887157683382737,0.44773686498979276,14.84000015258789,26.913404344085865,5.207018,2.85,9.4433005
20250812-050603,2025-08-12 05:06:03,3.0.0,ABCB4.SA,Banco ABC Brasil S.A.,Financial Services,Banks - Regional,0.6083614624727987,0.007897364431757235,0.5707705421639959,0.02227484857143658,0.805342067754559,0.10125080780310115,0.3393451971363089,0.6188139987986456,0.08126660041268753,0.2999194007886669,0.15287056950886735,0.36348449329805427,21.56999969482422,33.88152011511627,4.970046,4.34,7.806801849999999
20250812-050603,2025-08-12 05:06:03,3.0.0,ITSA4.SA,Itaúsa S.A.,Industrials,Conglomerates,0.6043594593873475,-0.12192852340398526,0.38862259802345767,0.21546049363788367,0.7650575500677473,0.08901469629744024,0.4124348589610916,0.6188139987986456,0.08126660041268753,0.2999194007886669,0.11279704703751085,0.3051209997780811,10.90999984741211,15.14987233254893,6.4940476,1.68,9.01778125
20250812-050603,2025-08-12 05:06:03,3.0.0,CSED3.SA,Cruzeiro do Sul Educacional S.A.,Consumer Defensive,Education and Training Services,0.6030590234234584,-0.34175502605740343,0.20503065978959012,0.5848229213375873,0.6968461572415658,0.07668158192511036,0.552179066777705,0.6188139987986456,0.08126660041268753,0.2999194007886669,-0.029318333499286444,0.5246984530643507,5.050000190734863,6.085405061778788,6.4743595,0.78,7.8018017
20250812-050603,2025-08-12 05:06:03,3.0.0,ECOR3.SA,EcoRodovias Infraestrutura e Logística S.A.,Industrials,Infrastructure Operations,0.6026571258305558,-0.21715890614822608,0.7458004910120068,0.34442264306444104,0.7355078962819324,0.11300875533877,0.46122626831525004,0.6188139987986456,0.08126660041268753,0.2999194007886669,0.049535400217381766,0.46263172699002336,6.869999885559082,11.993649173461476,5.1654134,1.33,9.01778125
20250812-050603,2025-08-12 05:06:03,3.0.0,PETR4.SA,Petróleo Brasileiro S.A. - Petrobras,Energy,Oil and Gas Integrated,0.6010503032900094,0.07343671919711282,0.006603926053177389,-0.12591990895791438,0.825678699687072,0.06335191382943585,0.28327734225868384,0.6188139987986456,0.08126660041268753,0.2999194007886669,0.1878813312795079,0.5158363784992892,30.530000686645508,30.73161855358357,3.7972639,8.04,3.82234075
20250812-050603,2025-08-12 05:06:03,3.0.0,MRVE3.SA,MRV Engenharia e Participações S.A.,Real Estate,Real Estate - Development,0.6006390236680575,-0.126769082327367,0.5697620160712451,0.1821493700711625,0.7635555416100062,0.10118305827243532,0.3998319621171891,0.6188139987986456,0.08126660041268753,0.2999194007886669,0.09028036580366543,0.4710898990505846,6.489999771118164,10.187755125012368,4.9923077,1.3,7.836735
20250812-050603,2025-08-12 05:06:03,3.0.0,CPFE3.SA,CPFL Energia S.A.,Utilities,Utilities - Regulated Electric,0.6003929050325749,-0.10353629478698537,0.07578923540966676,0.16443147274343128,0.7707645941047488,0.0679995598066338,0.3931285907384064,0.6188139987986456,0.08126660041268753,0.2999194007886669,0.11892629701433921,0.3001237686706052,39.939998626708984,42.9670205848904,8.778021,4.55,9.4433005
20250812-050603,2025-08-12 05:06:03,3.0.0,GGBR4.SA,Gerdau S.A.,Basic Materials,Steel,0.5969065846221635,-0.017496024854669206,0.169520020171813,-0.016399522363567787,0.7974625881154025,0.07429609166854612,0.3247131747003074,0.6188139987986456,0.08126660041268753,0.2999194007886669,0.14199243960964664,0.4576788417293749,16.389999389648438,19.168432416797643,5.67128,2.89,6.6326754999999995
20250812-050603,2025-08-12 05:06:03,3.0.0,SANB11.SA,Banco Santander (Brasil) S.A.,Financial Services,Banks - Regional,0.5941677216083022,-0.03868759297616057,0.2565344993385281,-0.008862620819583777,0.7908869188476398,0.08014144377896817,0.32756467841771353,0.6188139987986456,0.08126660041268753,0.2999194007886669,0.13566006974647127,0.3706596650343443,26.84000015258789,33.72538615397804,6.2129626,4.32,7.806801849999999
20250812-050603,2025-08-12 05:06:03,3.0.0,FESA4.SA,Cia de Ferro Ligas da Bahia S.A. - FERBASA,Basic Materials,Steel,0.5930665910731111,0.04428945465695884,0.46232224959510226,-0.16888100099894687,0.8166344057217911,0.09396560122702434,0.2670234860892857,0.6188139987986456,0.08126660041268753,0.2999194007886669,0.16874835004526076,0.42331408662569725,6.349999904632568,9.285746145470982,4.535714,1.4,6.6326754999999995
20250812-050603,2025-08-12 05:06:03,3.0.0,RECV3.SA,Petroreconcavo S.A.,Energy,Oil and Gas EandP,0.5895804427078883,-0.003210138670153084,0.03617667812720837,-0.09872266679559538,0.8018954484968392,0.06533851594901792,0.2935671193874498,0.6188139987986456,0.08126660041268753,0.2999194007886669,0.14856581152021137,0.4467683882703532,13.279999732971191,13.760426008840303,3.688889,3.6,3.82234075
20250812-050603,2025-08-12 05:06:03,3.0.0,BRSR6.SA,Banco do Estado do Rio Grande do Sul S.A.,Financial Services,Banks - Regional,0.5888184889152341,-0.136494476690173,1.1965632268369384,0.06427844172498554,0.760537785846877,0.14328954233406557,0.35523679414375064,0.6188139987986456,0.08126660041268753,0.2999194007886669,0.09223468655446089,0.4232062340270355,10.84000015258789,23.81074571408136,3.5540984,3.05,7.806801849999999
20250812-050603,2025-08-12 05:06:03,3.0.0,CMIG4.SA,Companhia Energética de Minas Gerais - CEMIG,Utilities,Utilities - Diversified,0.5875795238858581,-0.07171528805398207,0.4160525585754451,-0.01870832113111054,0.7806385408954667,0.09085735259253976,0.3238396661066273,0.6188139987986456,0.08126660041268753,0.2999194007886669,0.11828152012912081,0.4422833782247909,10.670000076293944,15.109280908036233,6.66875,1.6,9.4433005
20250812-050603,2025-08-12 05:06:03,3.0.0,AZZA3.SA,Azzas 2154 S.A.,Consumer Cyclical,Footwear and Accessories,0.5868141260392798,-0.1259799918763784,0.642961426139516,0.055456188419198194,0.7638003936095517,0.10610035859097691,0.35189899173907,0.6188139987986456,0.08126660041268753,0.2999194007886669,0.09737032777435721,0.4177621497014162,35.400001525878906,58.16083699229905,6.807693,5.2,11.184777
20250812-050603,2025-08-12 05:06:03,3.0.0,DIRR3.SA,Direcional Engenharia S.A.,Real Estate,Real Estate - Development,0.5821078593615147,0.1729345036813492,1.4892508657959365,-0.5325578804951772,0.8565525132667261,0.1629513540746784,0.12943034283721297,0.6188139987986456,0.08126660041268753,0.2999194007886669,0.28848222718835836,0.8007784695385431,13.66333293914795,34.01146334843217,3.1482303,4.34,7.836735
20250812-050603,2025-08-12 05:06:03,3.0.0,MYPK3.SA,Iochpe-Maxion S.A.,Consumer Cyclical,Auto Parts,0.5812391086924398,-0.16324701171567857,1.0504084216361727,0.04978509036180356,0.7522365680515051,0.13347133383348053,0.3497533942282012,0.6188139987986456,0.08126660041268753,0.2999194007886669,0.07876976476700026,0.4363340834505373,13.90999984741211,28.521180832091666,5.454902,2.55,11.184777
20250812-050603,2025-08-12 05:06:03,3.0.0,KLBN4.SA,Klabin S.A.,Basic Materials,Paper and Paper Products,0.5784385814461356,-0.13756637710726285,2.7121869959191924,-0.09830220492333885,0.760205178906685,0.24510425963228366,0.29372619650750637,0.6188139987986456,0.08126660041268753,0.2999194007886669,0.10659911013338158,0.3154905346731491,3.7699999809265137,13.994944903811007,1.7867299,2.11,6.6326754999999995
20250812-050603,2025-08-12 05:06:03,3.0.0,HBSA3.SA,Hidrovias do Brasil S.A.,Industrials,Integrated Freight and Logistics,0.5779170601656759,-0.4006550831092124,0.1554817683348928,0.4653060588971729,0.6785696761050773,0.0733530471800035,0.5069611777615498,0.6188139987986456,0.08126660041268753,0.2999194007886669,-0.036953885386012596,0.46662052540352233,3.5899999141693115,4.148179449146469,7.8043475,0.46,9.01778125
20250812-050603,2025-08-12 05:06:03,3.0.0,GMAT3.SA,Grupo Mateus S.A.,Consumer Cyclical,Department Stores,0.5697727141835534,-0.24910707362572923,0.0328950144945257,0.14297995105791217,0.7255944919581581,0.06511806436872121,0.38501264369129373,0.6188139987986456,0.08126660041268753,0.2999194007886669,0.05283499681973868,0.3900531677645044,7.579999923706055,7.829344131064869,10.828571,0.7,11.184777
20250812-050603,2025-08-12 05:06:03,3.0.0,BEEF3.SA,Minerva S.A.,Consumer Defensive,Farm Products,0.5662666202943321,-0.18695465397181033,0.17646215177410984,0.0,0.7448801698038144,0.07476244168294506,0.3309177534267902,0.6188139987986456,0.08126660041268753,0.2999194007886669,0.07236056844050064,0.4152848292891714,,,6.631579,0.76,7.8018017
20250812-050603,2025-08-12 05:06:03,3.0.0,BBAS3.SA,Banco do Brasil S.A.,Financial Services,Banks - Regional,0.5655649948411153,-0.049079548775776034,1.8455854197935517,-0.31979876546636665,0.787662331408347,0.18688876032215515,0.20992541151712005,0.6188139987986456,0.08126660041268753,0.2999194007886669,0.12855569257869381,0.436929596057948,18.93000030517578,53.86693286509569,2.7434783,6.9,7.806801849999999
20250812-050603,2025-08-12 05:06:03,3.0.0,JSLG3.SA,JSL S.A.,Industrials,Integrated Freight and Logistics,0.5555502618030199,-0.28092846147957407,1.703715255119472,-0.00889674642630911,0.7157204269069797,0.1773583801552556,0.3275517673701341,0.6188139987986456,0.08126660041268753,0.2999194007886669,0.02136601727252977,0.45788875235349924,5.570000171661377,15.059694435138944,3.3353295,1.67,9.01778125
20250812-050603,2025-08-12 05:06:03,3.0.0,RAPT4.SA,Randoncorp S.A.,Industrials,Farm and Heavy Construction Machinery,0.5538741809640162,-0.11854572623138897,1.5519317117297668,-0.2911490886830065,0.7661072201666936,0.1671620511744147,0.22076470129336034,0.6188139987986456,0.08126660041268753,0.2999194007886669,0.09593923077878468,0.4560330510413703,6.289999961853027,16.051650369431766,3.5337079,1.78,9.01778125
20250812-050603,2025-08-12 05:06:03,3.0.0,MDIA3.SA,M. Dias Branco S.A. Indústria e Comércio de Alimentos,Consumer Defensive,Packaged Foods,0.5531142184575174,-0.3372477180299435,0.0389575988789308,0.14503161511780727,0.6982447591150369,0.06552532923734264,0.38578886819940467,0.6188139987986456,0.08126660041268753,0.2999194007886669,0.028239255056306273,0.3610424576182984,24.329999923706055,25.27783830145821,7.509259,3.24,7.8018017
20250812-050603,2025-08-12 05:06:03,3.0.0,SMTO3.SA,São Martinho S.A.,Basic Materials,Specialty Chemicals,0.552900322985737,-0.12119070532002002,0.16588471987708697,-0.22857139149953942,0.7652864924316212,0.07405188391768339,0.2444402840383417,0.6188139987986456,0.08126660041268753,0.2999194007886669,0.10366651727136723,0.3823187810177612,17.010000228881836,19.831699351959085,5.6889634,2.99,6.6326754999999995
20250812-050603,2025-08-12 05:06:03,3.0.0,MTRE3.SA,Mitre Realty Empreendimentos e Participações S.A.,Real Estate,Real Estate - Development,0.549980115095538,-0.40943189538865693,2.707463963480647,0.11117646264180614,0.6758462620356703,0.2447869815436641,0.3729801440074686,0.6188139987986456,0.08126660041268753,0.2999194007886669,-0.07732156813577505,0.5552121627456209,3.5299999713897705,13.087347685015288,2.1137724,1.67,7.836735
20250812-050603,2025-08-12 05:06:03,3.0.0,VAMO3.SA,"Vamos Locação de Caminhões, Máquinas e Equipamentos S.A.",Industrials,Rental and Leasing Services,0.5497360391724785,-0.27413836493027927,1.3089004999000937,-0.05263158469031881,0.7178273700528744,0.1508359980787545,0.3110051728362671,0.6188139987986456,0.08126660041268753,0.2999194007886669,0.008414858684778379,0.5164732829395496,4.139999866485596,9.558847761314913,3.9056604,1.06,9.01778125
20250812-050603,2025-08-12 05:06:03,3.0.0,KEPL3.SA,Kepler Weber S.A.,Industrials,Farm and Heavy Construction Machinery,0.5459550475437445,-0.15009171649565908,0.5710866440980817,-0.2603672473503462,0.7563186100217214,0.10127204251168312,0.23241067205156246,0.6188139987986456,0.08126660041268753,0.2999194007886669,0.08838853376031632,0.41049211560896226,7.059999942779541,11.091871617434158,5.739837,1.23,9.01778125
20250812-050603,2025-08-12 05:06:03,3.0.0,CAML3.SA,Camil Alimentos S.A.,Consumer Defensive,Packaged Foods,0.5412452420740269,-0.34240300708579524,0.5977545060095488,0.02227201814742874,0.6966450910009715,0.10306350347769058,0.3393441262765487,0.6188139987986456,0.08126660041268753,0.2999194007886669,0.023750823864419998,0.36871515005108,4.590000152587891,7.333693426381819,4.882979,0.94,7.8018017
20250812-050603,2025-08-12 05:06:03,3.0.0,IRBR3.SA,IRB-Brasil Resseguros S.A.,Financial Services,Insurance - Reinsurance,0.5360061843990491,-0.2764778975016142,0.02508456899732847,-0.1079053746727443,0.7171014213008963,0.06459338382695866,0.290092942964322,0.6188139987986456,0.08126660041268753,0.2999194007886669,-0.014256086437335638,0.5941020527196993,46.380001068115234,47.54342340500454,7.6157637,6.09,7.806801849999999
20250812-050603,2025-08-12 05:06:03,3.0.0,VIVT3.SA,Telefônica Brasil S.A.,Communication Services,Telecom Services,0.5348565928666592,-0.1426227975661371,0.3575947858680151,-0.3605433637862252,0.7586361893715224,0.0869303479337949,0.19451014134339276,0.6188139987986456,0.08126660041268753,0.2999194007886669,0.10368190281987204,0.3247594211482867,32.91999816894531,44.69201786494476,7.8568015,4.19,10.66635275
20250812-050603,2025-08-12 05:06:03,3.0.0,TUPY3.SA,Tupy S.A.,Industrials,Metal Fabrication,0.5287444182622052,-0.2729609732775581,1.4724322463652886,-0.2474868010375102,0.7181927105535176,0.16182153345718134,0.23728384709949962,0.6188139987986456,0.08126660041268753,0.2999194007886669,0.05085137993301409,0.36323368456840704,15.720000267028809,38.866635573072976,3.647332,4.31,9.01778125
20250812-050603,2025-08-12 05:06:03,3.0.0,CSAN3.SA,Cosan S.A.,Energy,Oil and Gas Refining and Marketing,0.5261690991812842,-0.2684328844200596,0.4300826919673708,-0.22769640293360882,0.7195977606456697,0.09179985171012763,0.24477132632858237,0.6188139987986456,0.08126660041268753,0.2999194007886669,0.04765043292406528,0.38128550194979866,5.800000190734863,8.294479886177378,2.672811,2.17,3.82234075
20250812-050603,2025-08-12 05:06:03,3.0.0,FIQE3.SA,Unifique Telecomunicações S.A.,Communication Services,Telecom Services,0.525725246871814,-0.5033322082924133,0.6326050210847196,0.15614474500916575,0.6467093242567084,0.10540464869621956,0.3899933985375408,0.6188139987986456,0.08126660041268753,0.2999194007886669,-0.06675241225498887,0.4306348941792048,3.9200000762939458,6.399811807209979,6.5333333,0.6,10.66635275
20250812-050603,2025-08-12 05:06:03,3.0.0,SOJA3.SA,Boa Safra Sementes S.A.,Basic Materials,Agricultural Inputs,0.5237683121413816,-0.4373397626546049,0.25652004401918904,0.045320202505936935,0.6671865486979215,0.0801404727172298,0.34806415306663024,0.6188139987986456,0.08126660041268753,0.2999194007886669,-0.006264630672912421,0.35730716485599906,10.609999656677246,13.331677235651673,5.278607,2.01,6.6326754999999995
20250812-050603,2025-08-12 05:06:03,3.0.0,INTB3.SA,Intelbras S.A. - Indústria de Telecomunicação Eletrônica Brasileira,Technology,Communication Equipment,0.5232000966351339,-0.37574077248279963,0.6809226627925913,-0.08434358914952189,0.6863004993161945,0.10865047205380808,0.29900728510029206,0.6188139987986456,0.08126660041268753,0.2999194007886669,0.0067274215599352405,0.38130697792884155,12.859999656677246,21.616664866413725,6.3039217,2.04,10.596404849999999
20250812-050603,2025-08-12 05:06:03,3.0.0,LJQQ3.SA,Lojas Quero-Quero S.A.,Consumer Cyclical,Specialty Retail,0.5202083790419004,-0.516315385341708,0.2620954542330918,0.14732139388441445,0.6426806899512373,0.08051501079609209,0.3866551807851422,0.6188139987986456,0.08126660041268753,0.2999194007886669,-0.14269698040887374,0.5668957166851826,2.569999933242798,3.2435852331250845,8.862069,0.29,11.184777
20250812-050603,2025-08-12 05:06:03,3.0.0,MELK3.SA,Melnick Desenvolvimento Imobiliário S.A.,Real Estate,Real Estate Services,0.5175878132254773,-0.39657143536050393,0.3022467964925055,-0.08033542489710643,0.6798368176798586,0.08321224849101262,0.30052372991505283,0.6188139987986456,0.08126660041268753,0.2999194007886669,-0.008017469570521954,0.39845903028007024,3.369999885559082,4.388571555149425,6.017857,0.56,7.836735
20250812-050603,2025-08-12 05:06:03,3.0.0,VITT3.SA,Vittia S.A.,Basic Materials,Agricultural Inputs,0.5107032052271598,-0.4290423745254647,0.13977649767609446,-0.07824424910702232,0.6697611991348635,0.07229801774272711,0.30131490325125415,0.6188139987986456,0.08126660041268753,0.2999194007886669,-0.03463139784629883,0.4303337124928683,4.829999923706055,5.505120396817491,5.8192773,0.83,6.6326754999999995
20250812-050603,2025-08-12 05:06:03,3.0.0,DASA3.SA,Diagnósticos da América S.A.,Healthcare,Diagnostics and Research,0.5004553970016375,-0.389512805666568,1.0568568763539647,-0.27956988006840566,0.6820270857187707,0.1339045202267633,0.22514556738487915,0.6188139987986456,0.08126660041268753,0.2999194007886669,-0.06732319234426294,0.5579359373624718,1.340000033378601,2.756188282969318,4.62069,0.29,9.504098
20250812-050603,2025-08-12 05:06:03,3.0.0,MATD3.SA,Hospital Mater Dei S.A.,Healthcare,Medical Care Facilities,0.4873750181377414,-0.7111660546666003,0.0809381636728681,0.19640898371085402,0.5822192106148741,0.06834544820334594,0.405226929938523,0.6188139987986456,0.08126660041268753,0.2999194007886669,-0.1790402542858487,0.462677109131854,4.659999847412109,5.037171677777491,8.792453,0.53,9.504098
20250812-050603,2025-08-12 05:06:03,3.0.0,DESK3.SA,Desktop S.A.,Communication Services,Telecom Services,0.48572675554496714,-0.5317498539149966,1.6936601453760658,-0.1993145685815153,0.6378914284827245,0.1766829103079152,0.2555092808699149,0.6188139987986456,0.08126660041268753,0.2999194007886669,-0.13277027006731948,0.5317731034346875,7.880000114440918,21.22604225382834,3.959799,1.99,10.66635275
20250812-050603,2025-08-12 05:06:03,3.0.0,CBAV3.SA,Companhia Brasileira de Alumínio,Basic Materials,Aluminum,0.47302133042108446,-0.47663550190399884,0.08017855982500022,-0.3269230522347616,0.6549932186217859,0.06829442046637915,0.20723001605714342,0.6188139987986456,0.08126660041268753,0.2999194007886669,-0.12136310341420947,0.5693304471240705,3.5,3.7806249593875005,6.140351,0.57,6.6326754999999995
20250812-050603,2025-08-12 05:06:03,3.0.0,AALR3.SA,Alliança Saúde e Participações S.A.,Healthcare,Diagnostics and Research,0.47045813542672094,-0.3959483554504585,0.27939788150372413,-0.4956353445562265,0.6800301571907601,0.08167733206411965,0.1433995777902711,0.6188139987986456,0.08126660041268753,0.2999194007886669,-0.04986329127705553,0.504771110994203,5.199999809265137,6.652868739793585,7.428571,0.7,9.504098
20250812-050603,2025-08-12 05:06:03,3.0.0,BLAU3.SA,Blau Farmacêutica S.A.,Healthcare,Drug Manufacturers - Specialty and Generic,0.468372740198822,-0.6995020494422103,0.2723227828196857,0.0,0.5858385105295068,0.081202049749955,0.3309177534267902,0.6188139987986456,0.08126660041268753,0.2999194007886669,-0.15558657505687945,0.43686301605628913,,,7.4698796,1.66,9.504098
20250812-050603,2025-08-12 05:06:03,3.0.0,JALL3.SA,Jalles Machado S/A,Consumer Defensive,Confectioners,0.42505763430595356,-0.7854007138615833,1.5349701884867453,-0.29711753538427577,0.5591844562128988,0.16602263073963155,0.21850660519690882,0.6188139987986456,0.08126660041268753,0.2999194007886669,-0.12844659324150315,0.35452806233452916,3.1700000762939453,8.03585569090586,3.07767,1.03,7.8018017
20250812-050603,2025-08-12 05:06:03,3.0.0,RAIZ4.SA,Raízen S.A.,Utilities,Utilities - Renewable,0.3709787768001241,-1.0954713950722608,1.8939147533717184,-0.2662722085488153,0.46297061127315026,0.19013536910188675,0.23017659499611604,0.6188139987986456,0.08126660041268753,0.2999194007886669,-0.30986166875888516,0.4197842780993393,1.2400000095367432,3.5884543217794524,3.2631578,0.38,9.4433005
20250812-050603,2025-08-12 05:06:03,3.0.0,VVEO3.SA,CM Hospitalar S/A,Healthcare,Medical Distribution,0.33846912459816464,-1.2633776193300774,2.3490632674306924,-0.29054058190241916,0.4108698987450162,0.2207107785359041,0.2209949231340976,0.6188139987986456,0.08126660041268753,0.2999194007886669,-0.549877560210315,0.553973372253843,1.0499999523162842,3.516516271106446,2.8378377,0.37,9.504098
